,City,NickName,Province,Sex,Signature
0,,Easy,北京,2,初次见面 请多指教
1,丹东,薛(*^﹏^*)翔匀,辽宁,2,汪汪！汪汪！
2,临汾,李向阳,山西,1,
3,,左,Cojedes,2,真也好、假也罢^_-
4,丹东,春卷,辽宁,2,
5,沈阳,山之名昆,辽宁,1,缘起缘灭自有定数 得之我幸 失之我幸
6,营口,去走,辽宁,1,元年，struggle
7,沈阳,纪宝磊,辽宁,1,
8,沈阳,晶革,辽宁,1,N0
9,大连,非诚勿扰,辽宁,1,
10,延边,柏林,吉林,1,
11,烟台,一休。,山东,1,"越是得不到的为什么就越好。<span class=""emoji emoji1f46f""></span> <span class=""emoji emoji1f46f""></span> <span class=""emoji emoji1f46f""></span>"
12,,李涛,,0,
13,,李红艳,北京,2,帅真、善良、才是美。
14,沈阳,纪坤,辽宁,1,
15,沈阳,潇予投资,辽宁,1,你的坚持终将美好！
16,,Guan,,0,
17,深圳,秋无痕,广东,1,静心、守拙
18,沈阳,黄天立,辽宁,1,this is my friend
19,,日月,,1,
20,沈阳,龙先,辽宁,1,最难不是别人的拒绝与不理解，而是你是否为你的梦想而做出改变！
21,哈尔滨,任毅--江海汇鑫--专业  成就  价值,黑龙江,1,人生，要读点祖宗留下的书；还要懂点经济学。修炼！
22,沈阳,一五烤串,辽宁,1,西窑综合市场南侧胡同内
23,沈阳,猫姐,辽宁,2,我的存在是有道理的
24,营口,李雨明,辽宁,1,什么都想得到，最后一定什么也得不到
25,沈阳,李志龙,辽宁,1,坚持梦想，永不放弃！
26,,万里花香おおさか,Osaka,2,寂莫的我，想找一位年龄大一点50岁到60…之间的男士聊天。
27,厦门,锋芒,福建,1,厦门吕岭路  江海证券经纪人张国锋工号81390067
28,营口,李伟,辽宁,1,
29,松原,〆哼一支小曲ゝ,吉林,2,长大了，就要学会坚强。
30,长春,爱丽儿,吉林,2,我真的爱你
31,深圳,阿廷,广东,1,经营人生．
32,牡丹江,蓝色天空,黑龙江,1,喜欢自由生活
33,沈阳,栗子大王马丽干果,辽宁,2,专营迁西板栗二十年，中国驰名商标，长年供货，糖炒天下
34,大连,赵路,辽宁,1,心为逆旅，华胥为引
35,大连,爱信不信,辽宁,1,拿着菜刀砍电线   一路火花带闪电
36,,Aron,,1,
37,丹东,哈哈哈,辽宁,2,
38,安阳,振宇钢材,河南,1,等你等了那么久
39,营口,曲兆东,辽宁,1,坚持不懈
40,徐州,张祥伍,江苏,1,
41,,宠宠熊公益西桥店,,0,【地址】嘉园南街星河苑2号院3号楼5号底商【预约电话】67569088
42,,雪松,,0,
43,,投资哥（已满）,北京,1,专业的投资人和创业者资讯网站www.investorscn.com
44,,Dulan,,2,
45,阜新,赵巍,辽宁,2,
46,大连,Rosewood💋,辽宁,2,
47,,报晓东方,,0,
48,沈阳,王禹,辽宁,1,踏实工作就会成就自己最好的人生！
49,常州,傲翔,江苏,1,
50,孝感,死心不改,湖北,2,
51,沈阳,刘一哥,辽宁,1,
52,沈阳,🎉海纳百川 🎉,辽宁,1,九德咸事
53,营口,守拙,辽宁,1,发上等愿，结中等缘，享下等福；向高处立，就平处坐，从宽处行！
54,大连,知北游,辽宁,1,
55,,去过,,1,
56,沈阳,阿杜,辽宁,1,
57,南京,茅桓鸣,江苏,1,
58,德州,Mandy,山东,2,去见你想见的人 趁阳光正好 趁微风不噪 趁他还在 趁你未老
59,郑州,洋,河南,1,
60,沈阳,高俊,辽宁,1,国泰君安证券为每一个明天打算
61,沈阳,冰冰,辽宁,2,Happiness is to find a warm over a lifetime
62,,Yess,,2,！！！！！！！
63,徐汇,王姝萱,上海,2,Looking forward to the better in the future and keep moving
64,昌吉,董英,新疆,2,，
65,潍坊,尹涛,山东,0,拿得起，放得下
66,阜新,士泽,辽宁,1,渔猎为生
67,朝阳,王龙,北京,1,静坐常思人过，闲谈莫论己非！
68,丹东,你说的蓝是什么蓝,辽宁,1,我笃信沉默的力量，不多言，不妄言，不虚言……
69,,Cindy🐻,安徽,2,On the way
70,朝阳,戴戴,北京,2,世界上怕就怕认真二字。
71,,🐠 的记忆,,2,勤扫心上灰尘，做清净、快乐之人……jin58
72,舟山,红se枫ye,浙江,1,只为一个无悔的人生
73,丹东,❇♛扒愣你咋的,辽宁,1,换一种姿态，让自己活的无可替代
74,鞍山,Hephaistos旭,辽宁,1,慢慢变老，越来越好。
75,沈阳,李健,辽宁,1,座上客不断杯中酒常满！交几个有情有义的朋友干几件利国利民的事
76,深圳,长富,广东,1,与人良善，终得福报
77,,李永刚,Kilkenny,1,
78,营口,鑫,辽宁,2,
79,厦门,江海证券王勇,福建,1,
80,沈阳,Bing,辽宁,1,静如止水
81,,x2＋,Comodoro Rivadavia,1,1
82,,小樱,,2,知道如何选择，明白如何坚持，懂得如何珍惜。
83,沈阳,buck👠,辽宁,1,好看的脸蛋太多，有趣的灵魂太少。
84,丹东,一介书生,辽宁,1,IT'S   MY   DUTY   !!!
85,沈阳,北方心德,辽宁,1,
86,营口,ˇ盈霄ˇ,辽宁,2,尘世纷扰。情愿孤独
87,,严,,0,
88,渝中,刘振宇,重庆,1,
89,鞍山,鞍山H型钢石军13591235693,辽宁,1,钢铁贸易 H型钢 T型钢 工角槽 钢板 钢管
90,丹东,wendy,辽宁,2,拥有健康就是拥有了最大的幸福！
91,沈阳,汀酱☆,辽宁,2,"Refrain<span class=""emoji emoji1f34e""></span>諦めない"
92,锦州,蓝天,辽宁,1,
93,朝阳,周厚松（新华卫视）,北京,1,
94,海淀,戈六方队,北京,1,PPP项目，戈六，户外，羽毛球，跑步
95,西安,不逝流星,陕西,1,
96,,足坛高手,,0,
97,,周伟京,,0,
98,,李润赢,,0,
99,朝阳,DaHai(大海),北京,1,DaHai(大海)
100,郑州,泰山,河南,1,"老牌愤青<span class=""emoji emoji1f44a""></span>"
101,高雄市,左宜右有,台湾,1,"取本份之财，戒无名之酒；怀克己之心，闭是非之口。
"
102,朝阳,刘大欢,北京,2,止语是一种修行
103,潍坊,王欣,山东,2,
104,潍坊,朱全胜,山东,1,
105,大连,舟亢,辽宁,1,随风飘散，爱如潮水
106,,joey,,1,
107,盘锦,何英伟,辽宁,1,顺势而为
108,沈阳,阿文,辽宁,1,若不是终点，请微笑着一直向前。
109,朝阳,摇滚的白菜,北京,1,
110,黔南,秀啥哟,贵州,2,我是你的后盾 最脆那种
111,潍坊,果冻布丁,山东,2,开心过好每一天
112,盘锦,琛,辽宁,1,
113,伊春,博翔,黑龙江,1,
114,咸阳,冯佳怡,陕西,2,
115,,磊马马,,1,公众号
116,杭州,李璐,浙江,2,没有朋友圈
117,丹东,小幸运,辽宁,2,人生若只如初见，该多好……
118,沈阳,金子,辽宁,2,
119,,阿福,,1,让心灵充满爱
120,大庆,浩瀚,黑龙江,1,大家好
121,大连,小李呀呼嘿,辽宁,1,别怕，别悔，做想做的
122,临沂,刘光,山东,1,
123,沈阳,🐱我走路带风,辽宁,2,小时候要不到的糖 长大了就不想要了
124,沈阳,峰,辽宁,1,
125,保定,stop,河北,1,
126,哈尔滨,sp,黑龙江,1,运动快乐
127,大连,肖强,辽宁,1,在路上（飞得起来，应该飞得起来，碧海蓝天，只等风的到来）
128,,冯文广,,1,
129,海淀,老四,北京,1,
130,朝阳,曲展金,北京,1,
131,大连,陈小蹦,辽宁,2,做我自己
132,沈阳,ଘ法号男神ଓ,辽宁,1,念念不忘   必有回响
133,厦门,难得简单,福建,1,富贵险中求，向死而生
134,沈阳,雪润年华,辽宁,1,努力为了明天
135,沈阳,赵雁儿,辽宁,2,雁儿在林梢 
136,西安,Endure,陕西,1,
137,合肥,周天祥,安徽,1,随风落叶，无知无根
138,,DigitalPaul,北京,1,一家有温度的数码店
139,济宁,什么情况,山东,1,
140,宝山,阿丑,上海,1,我是a丑
141,济宁,志在必得15964144748,山东,1,专业推土机配件15964144748
142,东城,👑蠢娇娇👙💋,北京,2,🔆🔅🔆🔅🔆🔅🔆🔅🔆🔅🔆🔅🔆🔅🔆
143,丹东,薄荷微光丶,辽宁,1,
144,,shirleyxuan,,0,
145,丹东,东港俊通物流,辽宁,2,一直很幸福
146,大连,Bazilจุ๊บ,辽宁,1,希望2017是个万事顺利心想事成的一年
147,沈阳,卡拉布兰卡,辽宁,1,
148,莆田,沈阳丰胜花园木大王13704042088,福建,1,
149,丹东,💋董苓玉💚,辽宁,2,"董小姐的<span class=""emoji emoji1f353""></span>杂货店<span class=""emoji emoji1f389""></span>"
150,沈阳,川,辽宁,1,
151,济南,心苔,山东,2,努力拼搏
152,朝阳,ZH.H,北京,1,而今更笃凌云志，莫教冰鉴负初心！
153,,大特代购小站,Barcelona,0,西班牙留学生代购
154,闵行,Master、奚™,上海,1,No Trespassing～！！
155,营口,Vanessa、🎀,辽宁,2,愿我的家人平安健康！
156,,老于,Madrid,1,
157,海淀,夕遇靖雯☀️,北京,2,浅笑安然
158,,世纪本草安康,,2,
159,,正能量,,1,
160,,宋文志,,1,大连良丰谷物
161,营口,🌺美美哒🎀🌺,辽宁,2,纯净纯善，心无所住，本来无一物
162,,aimr,,0,
163,大连,旺家二魔头,辽宁,1,像风走了八千里    不问归期
164,沈阳,李松℡₁₃₆₂₄₀₅₆₀₀₀,辽宁,1,全金融产业链服务，13624056000
165,沈阳,朱恒军,辽宁,1,
166,阜新,苏东峰,辽宁,1,
167,,李nick name,,1,一
168,南京,威廉大王子,江苏,1,学为人师，行为世范
169,哈尔滨,huyg,黑龙江,1,中国梦追随自己的梦
170,青岛,邵跃飞Felix,山东,1,
171,,🔆Juana°,,2,"因为<span class=""emoji emoji2665""></span>️，所以都✔️"
172,,傻丫头～☺ ☺,,2,穷尽半世荒唐，只为余生有你
173,,琉璃苣,,2,岁月静好
174,沈阳,Cure🍀,辽宁,2,"活成自己渴望的模样<span class=""emoji emoji1f340""></span>"
175,河西,发型全看睡姿,天津,1,
176,沈阳,朕   君无戏言,辽宁,1,朕是真狠，也是真累
177,大连,Carrie,辽宁,2,兴尽晚回舟，误入藕花深处。
178,,💥阿富汗投弹手💣,Seoul,1,"You hold on, You be strong"
179,沈阳,王红 ℡₁₅₉₉₈₁₃₉₀₇₇,辽宁,2,喜乐的心乃是良药，忧伤的灵使骨枯干
180,沈阳,猪猪侠,辽宁,1,猪猪侠……
181,大连,神舟,辽宁,1,平安事福，健康事真。
182,,🍀栗子🍀,北京,2,人生本是一场别离，在别离中告别过去，收获成长。
183,沈阳,赖硕,辽宁,1,
184,,我,,1,~！！
185,沈阳,🐑 霙念汝🍓,辽宁,2,行到水穷处，坐看云起时。
186,海淀,松林,北京,1,水坎
187,沈阳,李帅,辽宁,2,越多越多，越少越少
188,丹东,熊猫不吃鱼,辽宁,1,࿒࿐⋆ ˃̵͙˂̵͙⍣ᐖᐛ⍣˃̵͙˂̵͙ ⋆࿐࿒🐼🐼🐼
189,丹东,Echo,辽宁,2,"I 'm what I am, I am my own spical creation."
190,亳州,陈燕,安徽,2,
191,静海,A.赵家海,天津,1,"人若诚信，谁都会和你交心;
人若失信，谁都会对你死心。"
192,大连,衣双,辽宁,2,写点什么好呢！
193,丹东,凌零,辽宁,1,我只崇拜两种人，高尚的人格让我敬佩 出色的能力让我折服。
194,,dutothelan,,0,All good Never better.
195,合肥,徐,安徽,1,人性本真
196,沈阳,巴天,辽宁,1,
197,,小R_萌萌da女王,,2,
198,丹东,阿波茨德,辽宁,2,"<span class=""emoji emoji1f430""></span>大火炉.胖胖.肉球"
199,,珊珊,,2,东霓，西爵，南音，北奕
200,大连,金靖宸,辽宁,1,时间流逝，终究回不去了
201,营口,一🐎平川,辽宁,1,【富玺钢材大全】剪板下料 卷筒 折弯 铆焊加工 加工各种零活 
202,,Saundra Ma,,2,一个悲观主义者，脾气非常暴躁
203,丹东,幸福小农冰酒～张玉祚,辽宁,1,你有多努力，就有多幸运   真诚以待  诚信经营 
204,营口,明智,辽宁,1,天道酬勤
205,亳州,Xu,安徽,1,
206,安阳,石头,河南,1,
207,Exeter,责有攸归,England,1,静如处子，动如脱兔
208,,继宏,Abu Dhabi,1,傻人
209,大兴,王珍华,北京,2,睡到自然醒，天气晴朗，心情亦美好！
210,潍坊,刘树杰,山东,1,读万卷书，行万里路。知行合一，格物穷志。
211,营口,大怀,辽宁,1,
212,,😋南,,0,
213,辽阳,灵儿逍遥,辽宁,2,
214,大连,佳艺,辽宁,2,离岸，开拓没有既定成规与止境的天地
215,西安,🙇乐多多,陕西,1,唯累过，方知闲。唯苦过，方知甜。
216,,刘雄,,1,
217,,海外网@财经头条||许征宇,上海,1,财经头条
218,大连,刘涛 ,辽宁,1,
219,铁岭,誰伴我闯荡,辽宁,1,给烟不给火，你纯属调戏我……
220,沈阳,2459米,辽宁,2,
221,大连,高明昊,辽宁,1,否极泰来
222,沈阳,福尔摩仕,辽宁,1,虽小道，必有可观焉，致远恐泥
223,丹东,♥♥相印◥,辽宁,1,不再为了谁而去等待了，我要为自己的幸福去努力了！
224,,杜翔,,1,改变从体重开始
225,海淀,~~,北京,1,
226,大连,华静东合,辽宁,2,
227,丹东,小胖,辽宁,1,
228,深圳,东北人,广东,1,
229,大连,胡老师,辽宁,1,
230,,璐阳,,0,惟愿你在我的心里，也存在在我的生活里。
231,沈阳,Thomas,辽宁,1,知行合一
232,济宁,麒味无穷,山东,0,人终将被年少之不可得而困扰一生
233,绥化,莂說丶対罘⑦,黑龙江,2,你若安好，便是晴天！
234,厦门,春江水暖鸭先知,福建,1,资产合理配置热线:15959294670
235,哈尔滨,可以么,黑龙江,1,
236,大连,叫我底线君,辽宁,1,
237,大连,博博博博博博,辽宁,1,吃饱了冲冲冲
238,漳州,🐠 一帆 🐠🐬🐙🎣🐳🐋,福建,1,人人为我.我为人人
239,丹东,酒醉的探戈。,辽宁,1,儿女情长什么的  真的很影响我行走江湖
240,日喀则,旋律🎶,西藏,1,等待着走上正轨
241,锦州,X.yj,辽宁,1,总有那么一天。。
242,大连,我见阿玥多妩媚🌸,辽宁,2,愿此间，山有木兮卿有意
243,,凶猛的比特,Nara,1, 泪眼笑荒唐
244,牡丹江,胡文远,黑龙江,1,静能生慧
245,丹东,旺旺,辽宁,2,
246,丰台,李建波,北京,1,海底娇子
247,,谭臻,北京,1,百年歌自苦，未见有知音。
248,营口,加菲,辽宁,2,
249,沈阳,张新宇,辽宁,1,出门在外，少PK，多打怪
250,Melbourne,孙连刚,Victoria,1,你不找生活麻烦，生活也会找你。
251,普陀,小强,上海,1,经不起烟薫，受不了酒精！
252,沈阳,清水,辽宁,2,找自己，做自己
253,,🎀 Μωβ 💎 ενέχυρο,,2,一见钟情，钟的只不过是皮囊而已！！
254,济宁,宁静致远,山东,1,低调，务实。
255,长春,生生不息,吉林,2,一个人不为自己的梦想去创业，就会为别人的梦想去打工
256,沈阳, 郑建伟,辽宁,1,一念成魔，一念成佛。
257,大连,韩小冬,辽宁,2,
258,大连,星光月,辽宁,2,星光不问赶路人，时光不负有心人。
259,,一梅,,0,
260,,壹脚烂泥,,1,作嫁怜侬拙 激流让尔贤
261,沈阳,小颖,辽宁,2,陪伴是最长情的告白
262,,丹丹法代 微信不收💰,Paris,2,专业代购 招代理 购买前请看店公告
263,,中天置地·星河城店·李昭军,Kowloon City,1,少走了弯路、也就错过了风景、感谢经历。
264,沈阳,瓯,辽宁,1,
265,London,🌊,England,1,万事胜意
266,,石三岁,,2,
267,Gurye County,祥满不锈钢,Gyeongsangnam-do,1,"暻～<span class=""emoji emoji2665""></span>"
268,丹东,江小洋,辽宁,1,左手提着事业，右手撑起希望，背上扛着风雨！这就是男人！
269,,Rosie | 薄荷阅读 2.0,,0,不怨天，不尤人，下学而上达
270,,马怒,,1,有多大的胸怀成就多大的事业。
271,闵行,于伟｜财经早餐～财经头条,上海,1,财经早餐、财经新媒体联盟
272,浦东新区,姜晓东,上海,1,精明的最高境界是厚道，修养的最高境界是善良。
273,丹东,于琳,辽宁,2,面向太阳，阳光人生
274,白银,魏嘉,甘肃,2,D1
275,沈阳,勿忘初心-Eason石震,辽宁,1,个人信用卡垫还app，费率万元85
276,Los Angeles,🌟Carol,LosAngeles,2,
277,沈阳,张红,辽宁,2,强者，不是没有眼泪，而是含着眼泪依然奔跑………
278,成都,僮颜整形馨月,四川,2,伽兰健康咨询有限公司定妆师
279,沈阳,杨明,辽宁,1,你永远也不知道明天和意外哪个先到，请珍惜爱你的人和你爱的人！
280,沈阳,沈阳益丰玉米芯加工厂13904903866,辽宁,1,创业在信念，永恒才存在。
281,大连,皓月,辽宁,1,生活中有很多熟悉的陌生人…
282,丰台,向口木子,北京,1,不满是向上的车轮
283,,Aardwolf.阳,,1,三年，给自己一个蜕变，还剩两年半
284,沈阳,二马三寿,辽宁,1,如鱼得水
285,扬州,浮生若梦,江苏,1,醉生风尘意
286,,叫我胖红啦,Stockholms,1,
287,丹东,健康之饮,辽宁,2,安化黑茶是你健康选择之首
288,沈阳,明月amy,辽宁,2,不念过往  不畏将来
289,本溪,💋欣芳,辽宁,2,人的一生，无非是用自己喜欢的方式，和自己，在一起
290,张家口,💜 💛 💚 💙 ❤,河北,2,
291,潍坊,忘记昨天,山东,2,善良又努力的姑娘运气不会太差
292,丹东,琳琳,辽宁,2,改变心情~就改变了世界*^_^*
293,鞍山,大熊,辽宁,1,中二青年
294,丹东,章鱼舟,辽宁,1,慢慢来，不着急
295,深圳,杨春光,广东,1,不谋全局者不足谋一域，不谋万世者不足谋一时。
296,大连,晗,辽宁,2,
297,丹东,a小鹏哥,辽宁,1,胜不骄、败不馁
298,亳州,王林,安徽,2,活着你就好
299,丹东,邓雷,辽宁,1,o_O
300,沈阳,任他大风吹又吹👊,辽宁,1,"用心去爱<span class=""emoji emoji1f48c""></span> 感谢包容<span class=""emoji emoji2747""></span>"
301,海淀,王怀斌,北京,1,
302,沈阳,娇娇,辽宁,2,活的潇洒一点，帅气一点iaiaz
303,,王小权wyatt,,1,言必行、行必果
304,,必须地,,1,去留无意，望天上云卷云抒。。。
305,,☁️🌺🛀🐬,,2,谦和 温顺且自持的生活 不乱于心 不困于情 不畏将来 星辰大海
306,,ChandLer,,1,恩
307,东城,李岩,北京,1,中国乐坛副理事长  公益活动总监 中研海宝富硒水全国运营总监
308,,🎀 崔洢宁 🎀（全国招代理）,,2,顶级高仿奢侈品0手货源 养森家居减肥代理 有急事电：18804086777
309,丹东,아저씨,辽宁,1,不成器，终不还。只因无颜面对江东父老。
310,沈阳,咖啡加冰,辽宁,1,未曾清贫难成人 不经打击老天真
311,海淀,贾宇,北京,1,沿海经济带研究院研究员 财科PPP咨询团队          17600225059
312,,Bibia Be Ye Ye,,0,自在有为的生活是急不得的。
313,,小虫,,0,
314,,Ivan_YANG,,1,SPDB
315,,img.,北京,2,愿珍贵如你，无问西东
316,衡水,李伟,河北,1,努力，奋斗
317,,晟威(山石),,1,
318,昌平,卫斯理,北京,1,放荡不羁爱自由
319,,Keith,,1,
320,沈阳,Julie,辽宁,2,不必执念。
321,营口,小史,辽宁,2,
322,沈阳,中牧兴贸易）13889260119进口鱼粉,辽宁,1,走自己的路让别人说去吧！
323,沈阳,Z C Y,辽宁,1,"不好意思啊 一见到你就喜欢你喽<span class=""emoji emoji1f495""></span>"
324,淮北,就爱我老婆,安徽,1,一本正经
325,潍坊,刘伟,山东,1,提供法律咨询及诉讼服务。
326,沈阳,Double.,辽宁,1,最好的状态不是完美，而是未完成。
327,厦门,BALLFAN,福建,1,青出于蓝
328,衡水,风起云涌,河北,1,平常心，万千世！
329,丹东,晓雪,辽宁,2,2.0.1.7.
330,丹东,大宝渔人,辽宁,1,做人如果没有理想跟咸鱼有什么区别
331,朝阳,曹小笛,辽宁,2,
332,,凌飘飘,,0,心若没有栖息的地方，到哪里都是流浪
333,丹东,当时光走过,辽宁,1,哈好
334,葫芦岛,恕,辽宁,1,Charity begins at home
335,闵行,刘雪晴,上海,2,
336,沈阳,Leo_cpaer,辽宁,1,越努力，越幸运
337,,时光,,1,
338,沈阳,霓霓啊,辽宁,2,瘦瘦瘦瘦瘦瘦瘦瘦
339,沈阳,水肿的鸟,辽宁,1,
340,,于是是于是❇,,2,无感
341,深圳,坚强的小豆子,广东,2,being alive hurts much
342,海淀,重耳,北京,2, 
343,佛山,mk,广东,1,从前喜欢一个人，现在喜欢一个人
344,Canberra,🐰🐰🐰,Australian Capital Territory,2,少无适俗韵 性本爱丘山
345,朝阳,BlessedYvonne,北京,2,"Live smart,live well,live large"
346,,高卫芳,,2,世上无难事，只怕无心人！
347,海淀,Mika_澤,北京,2,"幸せに<span class=""emoji emoji1f340""></span>"
348,,心如止水,,0,时刻保持自我，不受外界干拢。平静就是一种幸福。
349,大连,李野,辽宁,1,
350,沈阳,好运来,辽宁,1,
351,亳州,代鹏,安徽,1,
352,沈阳,涂涂,辽宁,2,天地一沙鸥
353,丹东,国产、合资车call me,辽宁,1,"只
想
靠
两
手
，
向
理
想
挥
手"
354,丹东,贾楠,辽宁,1,言念君子  温其如玉
355,沈阳,兰庆强,辽宁,1,不偏听，不盲从，不懈怠
356,大兴,小蜜蜂,北京,2,
357,包头,星语,内蒙古,1,可曾还有什么人，在让你幻想。
358,鞍山,陈星潼,辽宁,2,
359,哈尔滨,广告^O^刘岩,黑龙江,2,13613643638
360,浦东新区,资产配置-郑先生,上海,1,
361,朝阳,雪候鸟,北京,1,
362,大连,Destiny,辽宁,1,心有理想，春暖花开
363,,佳辰美景,北京,1,我要幸福，更追求幸福
364,Dalian,软绵绵,Dubayy,2,行百里者半九十
365,,王凯强-行研助理,北京,1,
366,,聚光科技虞静,,2,
367,,阿彌陀佛,,1,
368,沈阳,123,辽宁,2,
369,大连,Cornelia-lia,辽宁,2,
370,,之月,,0,
371,丹东,AAA星辰潮牌#用品,辽宁,1,点点繁星    璀璨星辰
372,亳州,张禁,安徽,1, 清风朗月 春暖花开 
373,沈阳,believe,辽宁,2,坚持信念，爱自己所过的生活。
374,济宁,王春艳,山东,2,菩提本无树，明镜亦非台。本来无一物，何处染尘埃。
375,朝阳,韩江楠,辽宁,2,努力无意义
376,London,魂魂儿,England,1,胜则天幸，败非我命！
377,沈阳,ᶘ ᵒᴥᵒᶅ,辽宁,2,Don't worry. It's gonna be alright.
378,,J.X,,1,
379,南通,小勇,江苏,1,努力到无与伦比，奋斗到感天动地！
380,,夏凌远,Hamilton,1,Fail fast and move on
381,沈阳,幻颜,辽宁,2,心若善，福虽未至，祸已远离。
382,衡水,相由心生,河北,1,大智若愚
383,,佟金婷❇,,2,真正的强大，不是去征服什么，而是能够承受什么。
384,沈阳,致远,辽宁,1,
385,沈阳,李暖暖,辽宁,2,暖以待人
386,抚顺,八两,辽宁,1,逆境生存
387,Others,铃木尊士,Aichi-ken,1,我在东八区
388,丰台,X-ing,北京,1,一分的运气 九分的努力
389,Melbourne,Utaccico,Victoria,1,Change thoughts patterns…
390,丹东,❇,辽宁,1,
391,,糖糖,,2,
392,潍坊,郑磊,山东,1,说吧
393,,Royal Allen,St. Peterburg,1,God bless!
394,,安77,,2,小猪佩奇我配你
395,,于佳弘,,2,13394397827   
396,海淀,唐丹彤,北京,2,
397,合肥,折木,安徽,1,四月是你的谎言
398,海淀,荒言,北京,1,不改初衷，不忘初心
399,亳州,开心,安徽,1,开心
400,东城,中天置地.星河城店.李昭东,北京,1,用加法爱人，用减法怨恨，用乘法感恩，用除法解忧
401,潍坊,sqy,山东,2,
402,海淀,陈通,北京,1,我手心的太阳
403,济南,谢小雨不挑食,山东,1,生活太重要了，以至于我们不能太把它当回事了。
404,沈阳,周沫沫,辽宁,2,
405,,小田儿🙃,,2,"       <span class=""emoji emoji2764""></span>️迟些遇见吧、你刚好成熟我刚好温柔。"
406,沈阳,👣妍👣,辽宁,2,"你若安好，便是晴天<span class=""emoji emoji1f436""></span>"
407,西青,任鹰疾飞,天津,1,过去已成往事！一切从☞新☜开始～♪
408,肇庆,姚小小奇葩,广东,2,人生若只如初见，何事秋风悲画扇
409,合肥,chenghb,安徽,1,
410,,翊,,2,
411,,蓝色入海,,2,时间会滤去一切多余的，时间会留下一切真实的
412,丹东,东东,辽宁,1,“愿你眼中有光，活出你的模样”
413,沈阳,f七七与冯安安,辽宁,2,格局。
414,,程蕊（Elva）,北京,2,Love Life
415,沈阳,小吴三爷,辽宁,2,人的一切痛苦，本质上都是对自己无能的愤怒
416,昌平,那广涛13164216222,北京,1,加我请备注：姓名➕联系方式➕公司名称（谢谢合作）
417,西安,大熊,陕西,1,人生在找点儿
418,西安,李大白,陕西,1,Transportation is a precise business
419,沈阳,红豆呀,辽宁,2,流年笑掷 未来可期
420,大兴,李娅楠_Lyan,北京,2,为什么乌鸦像写字台
421,丹东,曉貳，，來盤西紅柿炒蕃茄,辽宁,1,划船不靠浆啊，，，，全靠浪啊
422,,ᠪᠠᠶᠠᠯᠢᠭ,,1,🇲🇳
423,,嘿;-)boom🙃,Madrid,1,X.
424,东城,RSH,北京,2,中庸
425,,鑫,,2,
426,沈阳,高双,辽宁,2,为你，千千万万遍
427,朝阳,Bernice,北京,2,Life is the moment
428,大连,墨东妹,辽宁,2,机智。
429,杭州,汤浩,浙江,1,梦想要有的，万一哪天实现了呢！
430,,甘嘉艺Tony广告媒体,Bern,1,
431,,陳紅,,2,上善若水～厚德载物
432,沈阳,吴宣竹,辽宁,2,君子之交淡如水~
433,沈阳,赵佳宁,辽宁,1,那爱情的绮丽 总是在孤单里 再把我的最好的爱给你
434,西城,YC,北京,1,
435,,人生如梦,,1,
436,朝阳,周美娜,北京,2,三缘具足，万法无我，身体力行！
437,大连,像太阳一样＊,辽宁,2,向往自由却害怕孤单.
438,,MISS  sun,,2,"做个善良又聪明的小狐狸<span class=""emoji emoji1f439""></span>"
439,海淀,刘薇,北京,2,默然观照  本来现前
440,滨海新区,至尊宝,天津,1,鸟大林子小
441,,冒險家❄️,Valencia,1,
442,成都,邱浩轩,四川,1,生命在于过程
443,,超 怪,,1,泛黄 总有他泛黄的理由13894812290
444,洛阳,FY,河南,2,
445,,า(°﹏°า ),Geneve,1,路虽远，行者将至
446,丹东,-,辽宁,2,梦里梦你*
447,,曹博宇,,0,15210392886
448,朝阳,王伟丞Sean,北京,1,keep striving
449,丹东,初心依旧,辽宁,2,聋子听见哑巴说瞎子看见了爱情
450,西青,霍少,天津,1,
451,伊春,开心,黑龙江,1,有想法才能实现
452,,翠花哎,,2,知世故而不世故
453,渝北,何莹莹,重庆,2,恒守初发心，定慧化迷情
454,,刘晓雯,,2,我的目标是。没有蛀牙。
455,海淀,💜盈霄💜,北京,2,
456,长沙,陈海军,湖南,1,
457,苏州,CHERRY🌻,江苏,2,"think less,feel more<span class=""emoji emoji1f444""></span>"
458,亳州,Everything is fine.,安徽,2,拼搏到无能为力，努力到感动自己。
459,大同,刘大亮,山西,1,
460,,皮皮虾我们走,,1,你不用多好，我喜欢就好。我没有很好，你不嫌弃就好。
461,,🎀,,2,颜不如初
462,沈阳,快乐驿站,辽宁,1,快乐。活着每一天都要快乐着。只有痛了、苦了、才觉得快乐最珍贵
463,张家口,剧情再美亦是戏,河北,1,生活有度，人生添寿
464,海淀,琪越,北京,1,"<span class=""emoji emoji1f525""></span><span class=""emoji emoji1f525""></span><span class=""emoji emoji1f525""></span>"
465,沈阳,孙杰,辽宁,2,
466,,是tahlia呀！,,2,"<span class=""emoji emoji1f3b5""></span>"
467,海淀,汤闳淼,北京,2,法學博士，副教授，中國社會法學研究會理事，人大博士後在研人員
468,,经纪人 李双慧,,2,经纪人，演员统筹，工作号 电话17600459185
469,合肥,蔡巾程,安徽,1,
470,,赵国臣,,0,
471,沈阳,何娜-江海汇鑫,辽宁,2,感性是种虚耗！
472,,煦煦子💃,Toulouse,2,C'est la vie☹️
473,,生命之火,Tuen Mun,1,你看，它来了！
474,,spepl@桃子,北京,2,开心就好，青春成长记。。。
475,,Mr丶赫先森」,,1,
476,,🐒Jocelyn💋,,2,万般皆苦，只可自渡。
477,丹东,艺凡,辽宁,2,
478,,馨馨酱😎ི,Basel-stadt,2,"           <span class=""emoji emoji1f463""></span>"
479,南开,☁丁思文,天津,2,🍥
480,徐汇,晓东同学,上海,1,非传统广告人、媒体人
481,沈阳,JD.Liu,辽宁,1,"从男行政转成了数据支持<span class=""emoji emoji1f609""></span>"
482,,在下阳顶天,,1,兄弟，要加特林吗？哒哒哒哒哒哒，冒蓝火的那种…
483,沈阳,梦瑶,辽宁,2,
484,贵阳,安然,贵州,2,"<span class=""emoji emoji2600""></span>微信可以正常联系我，不太用朋友圈"
485,海淀,A东奥会计在线10006351陈明,北京,1,报名课程，申请活动赠送！
486,大连,A收吧名车,辽宁,1,那好吧
487,大连,周雨佳,辽宁,1,新手机号18533787098，原号已停用，请惠存。
488,大连,希贤,辽宁,1,莫忘少年凌云志，曾许天下第一流
489,海淀,曹MK,北京,1,
490,闸北,篮球🏀王子,上海,1,
491,,Jingxin,,2,不要妥协，痛哭流涕撕心裂肺也不要妥协
492,大连,少年才峻,辽宁,1,凡是过往，皆为序章
493,大连,雅欣,辽宁,1,安静的猎人
494,朝阳,Toffee,北京,1,唐
495,济南,真真,山东,2,彼岸花，开彼岸，花不见叶，叶不见花，生生相恋，世世相思……
496,赫德岛和麦当劳群岛,💥大四喜,其他,2,         
497,海淀,叶倾城,北京,2,除了少吃多动，我真的没有别的办法了
498,亳州,財發現你多窮,安徽,1,"以前的我们害怕跟别人不一样，
如今的我们害怕跟别人一样。"
499,东城,QIN,北京,1,与
500,,达,,0,众人笑我太疯癫，我笑众人看不穿
501,,李维,,1,不亏待每一份热情
502,大连,🍒诗情隐儿,辽宁,2,"<span class=""emoji emoji1f60a""></span>"
503,丹东,叶紫,辽宁,2,"会发光的人。<span class=""emoji emoji2728""></span>"
504,Melbourne,Aaaaaaaron,Victoria,1,
505,大连,张坦,辽宁,2,ritualized inebriation
506,,風去雲不回ㄟ,北京,1,风中的他…他叼的烟……隐约的背影消失 -不见！
507,营口,营口富玺板材加工有限公司,辽宁,1,剪板下料 铆焊加工 板材大全 型材大全 管材大全  圆钢 螺纹 等..
508,,Sham,Paris,1,习惯失眠 
509,沈阳,程冠林,辽宁,2,啦啦啦。
510,,Toky,,1,
511,,陶蕾莹🙊,Jujuy,2,不想做好人，也不想做坏人，只想做你的意中人。
512,,王小乖,,2,重新享受减重的快乐
513,,好好学习乐🐵👏,,2,忍
514,沈阳,梁峻齐,辽宁,1,岁月静好
515,朝阳,覃浩庭Lance,北京,1,Keep learning and work smartly!
516,沈阳,A沈阳万勤钢铁🇨🇳张鑫18640011980,辽宁,1,"国标钢材：三级抗震螺纹钢 盘螺 线材 <span class=""emoji emoji260e""></span>️18640011980"
517,朝阳,Marina.... (๑• . •๑),北京,2,
518,,🐟,Amasya,2,
519,,crush,,2,悠卡
520,海淀,A..A    女神&amp;女汉纸,北京,2,"微博～健身达人～沈瑞瑞<span class=""emoji emoji1f609""></span>"
521,亳州,丽君,安徽,2,性格决定命运，心态决定生活。
522,London,*Carrie,England,2,
523,,爆爆珠,,1,人间不值得  谢广坤.jpg
524,,云淡风轻,Dublin,2,最理想的生活：干净的圈子 规律的生活 中意的人
525,普洱,茶茶 💕,云南,2,"""  初次见面，请多关照  <span class=""emoji emoji1f49e""></span> """
526,,梦想程真,,1,狼若回头，必有理由，不是报恩，就是报仇！
527,通州,付长浩,北京,1,无
528,沈阳,巨星美业7号发型师,辽宁,1,懂了，笑笑即可。
529,朝阳,君临天下,北京,1,前程似锦
530,,我就想换个名儿不让吗,,2,樹深時見鹿
531,丹东,清爽,辽宁,2,不干脆，不利落，不守时，不喜欢。
532,辽阳,Vivie,辽宁,2,别让明天的棍子打碎今天的鸡蛋♬ ♞♛
533,房山,阳光下奔跑😉,北京,2,还是孤独和我更般配
534,沈阳,Miss 秋,辽宁,2,s r w
535,西安,歌😖,陕西,2,
536,海淀,XJ,北京,2,不忘初心，方得始终
537,,威.威,Vienna,1,无法分手的女人 无法离开的男人
538,武汉,Windipath,湖北,1,日月同光
539,,丛,,0,
540,,📍时尚界的末班車,🌎,2,"5.8号飞韩国<span class=""emoji emoji2708""></span>️日本"
541,丹东,万岁Yaaa,辽宁,2,未来多漫长再漫长还有期待～
542,,卿卿,,2,哀其不幸，怒其不争。知足常乐吧。
543,喀什,Still,新疆,2,
544,合肥,路飞和乔巴,安徽,1,～～
545,朝阳,夏天,辽宁,1,我是自己的太阳，不需凭借别人的光！
546,大连,Seven,辽宁,2,耶稣爱你，我也爱你。
547,,猪猪大哥🐽,,2,"学习<span class=""emoji emoji1f33c""></span>"
548,,小煎蛋,Barcelona,2,尽人事听天命
549,海淀,张津梦,北京,2,
550,,Marshal 陈思瀚,,1,超越自我
551,,SDEER～13714266051,Moxico,1,是我太敏感还是、、、、、以为自己够坚强、可还是忍不住。。。。
552,,尼美酱🌼,,2,
553,东城,丽丽田小妞,北京,2,无欲则刚
554,朝阳,Daniel.L🍃,北京,1,"<span class=""emoji emoji1f3c4""></span> A lot can happen between now and never。"
555,海淀,Liuyuanying,北京,1,
556,,蒹葭点秋,,1,
557,朝阳,Lisa,北京,2,逍遥派
558,丹东,大维🎀Dave,辽宁,2,"雪中送炭的人，永远比锦上添花的人更值得珍惜，更值得交往！<span class=""emoji emoji1f440""></span>"
559,沈阳,宋美佳,辽宁,2,
560,,李光蕊,北京,2,我正在千亿企业上班，我将成为世界名牌企业的一员!
561,西城,SiahZhang,北京,2,Life ends when you stop dreaming
562,,*浩,北京,1,亲爱的宝宝，挚爱你一生
563,大连,亠囗冂囗SEN,辽宁,1,
564,丹东,A西 瓜 籽。,辽宁,2,"对于喜欢的绝不放手
 对于不喜欢的连看兜不待看。"
565,丹东,柠檬星🍋sung,辽宁,2,有趣又有用的人
566,沈阳,叮叮咚咚🌿 🎸,辽宁,2,
567,保定,。月 ʚ🌙ɞ,河北,2,。她有过时的执着，她是流转的过客
568,,张lulu🌸,Orleans,2,你愿意为我上九天揽月，下五洋捉鳖吗？
569,朝阳,郑皓升,北京,1,沉淀。
570,青岛,美少女战士她姐姐,山东,2,靡不有初    鲜克有终
571,大连,对方正在说话...,辽宁,2,比你好看的人还比你更努力
572,大连,苗忠军,辽宁,1,我就是我，吊儿啷噹的我！
573,徐汇,杭盖🏂,上海,1,1675年11月11日，德国数学家莱布尼兹将微积分引入数学分析
574,沈阳,Blue@迪💤,辽宁,2,陌上花开颜如玉，鹿家公子世无双
575,沈阳,疯狂的奶酪,辽宁,1,拼命的工作，疯狂的玩
576,深圳,🌙Ansen⁶⁶⁶🍃,广东,1,如果你想走得快，独自上路。如果你想走得远，请一起走。
577,武汉,文博,湖北,1,
578,包头,白驴王储,内蒙古,1,
579,,中呈。,,1,游子。
580,沈阳,秋叶,辽宁,2,"圈子不在大小，真心就好。

朋友不在多少，知心就好。"
581,,lois🇯🇵5.3～5.10采购中,,2,佛系代购 施主随缘
582,徐汇,M妮M,上海,2,一起走花路吧
583,丹东,悦芽,辽宁,2,别在最吃苦的年龄选择潇洒。。
584,沈阳,clubsummer,辽宁,2,
585,鞍山,吃素八戒,辽宁,1,若你喜欢怪人，其实我很美
586,,百变小玲,San Juan,2,
587,沈阳,一,辽宁,2,恩
588,宝鸡,麦田稻鹰,陕西,1,天空的蔚蓝爱上了大地的碧绿，他们之间的微风叹了声——哎！
589,海淀,泰山日出（侯贤臻）,北京,1,不要聪明要智慧
590,哈尔滨,付雪微,黑龙江,2,
591,西安,阿宵,陕西,2,不念过去，不畏将来
592,沈阳,锦州银行💓赵妍妍,辽宁,2,Soul grows more by subtraction than by addition !
593,,王夺,,1,
594,海淀,Jack Sparrow,北京,1,
595,,平凡,,0,心静如水，一切随缘。简单的生活，认真的做事，踏实的做人。
596,沈阳,zomzom,辽宁,2,18842362543
597,沈阳,春意盎然,辽宁,2,发脾气是本能，控制脾气是本领。
598,池州,华捷艾米 周杰伦,安徽,2,或许 你喜欢梅西么
